x1,x2,x1dot,x2dot,fX,mode_fsign,sigma,mode_true
-0.752759286915825,2.7042858384595,2.7042858384595,1.59846006242884,0.21434880861999,1,1,1
2.25314423110495,0.861794531901061,0.861794531901061,-5.76638660209661,-2.00522676120882,2,-1,2
2.0282850082187,-0.567894726175413,-0.567894726175413,-0.259894862247109,-1.52612540923604,2,-1,2
1.30380828776019,-0.940848796027069,-0.940848796027069,-0.645293113638394,-0.339322966193316,2,-1,2
-0.157241908187142,-2.21275558716371,-2.21275558716371,-2.15415735716511,0.48476625838965,1,1,1
-1.99176345834372,-0.224714250539688,-0.224714250539688,2.6585179815752,-1.4526818350866,2,-1,2
-1.58345017172734,0.731478502688839,0.731478502688839,0.480882057434854,-0.735760548399779,2,-1,2
-0.510329061640153,1.53259812805243,1.53259812805243,1.26636271585932,0.364788796825125,1,1,1
1.64739232521663,1.69093259735472,1.69093259735472,-4.54548419487547,-0.84677826275151,2,-1,2
1.80659095790031,-0.555420182989009,-0.555420182989009,-0.549246916393892,-1.10863805776166,2,-1,2
0.98190592527977,-1.17259575246117,-1.17259575246117,-0.988744206243647,0.0225697862131511,1,1,1
1.39196365086843,0.59195090518222,0.59195090518222,-1.94695480215402,-0.46110851367632,2,-1,2
1.23038812396455,-0.704928854736466,-0.704928854736466,-0.868156952716295,-0.248710699218337,2,-1,2
0.0384071339343131,-1.81023580137379,-1.81023580137379,-1.80762216284336,0.495871354078873,1,1,1
-1.86811990085542,-0.628675557714364,-0.628675557714364,3.43344154644292,-1.21870746811436,2,-1,2
-1.61017873569359,0.686863516632926,0.686863516632926,0.516227999092364,-0.777645397742098,2,-1,2
-0.589824133145662,1.46635762861086,1.46635762861086,1.1614181924915,0.322128756442347,1,1,1
1.54829305735613,1.92477308330257,1.92477308330257,-4.23760793531664,-0.691786688225811,2,-1,2
1.8385064889543,-0.522590820773528,-0.522590820773528,-0.594684883439425,-1.1659011947888,2,-1,2
1.04879171161074,-1.1188276167665,-1.1188276167665,-0.936949166927407,-0.0442504434998023,2,-1,2
-0.712802800496954,-2.59299332662552,-2.59299332662552,-0.913358538051776,0.246684679310169,1,1,1
-1.9797472843705,0.214992996338913,0.214992996338913,1.35209687920979,-1.42887326713098,2,-1,2
-2.06388815734538,-2.06403287798278,-2.06403287798278,8.79188057647361,-1.59806480326351,2,-1,2
-2.1500590773773,0.517986509009334,0.517986509009334,0.273521361160099,-1.77371904410867,2,-1,2
-1.49688599348623,0.825844374393233,0.825844374393233,0.472287571535247,-0.60496028438669,2,-1,2
-0.296333317046204,1.7424350168923,1.7424350168923,1.61544785957084,0.448682092235816,1,1,1
1.83725470961729,1.06586922615966,1.06586922615966,-4.36923224502258,-1.16981480368852,2,-1,2
1.72944823984435,-0.624301610665487,-0.624301610665487,-0.486469217935573,-0.97440920805857,2,-1,2
0.818963109645264,-1.29713054983537,-1.29713054983537,-0.976423372772791,0.166909106229873,1,1,1
-1.18493491500669,-2.47225181992978,-2.47225181992978,2.18389956900161,-0.194373408794853,2,-1,2
-1.91728872337903,0.406784743226804,0.406784743226804,0.828734357793447,-1.30927465671378,2,-1,2
-1.22324221717887,0.982225110860225,0.982225110860225,0.735742755319447,-0.24000488567161,2,-1,2
0.280775295949521,2.27663603641801,2.27663603641801,2.07502311037939,0.450239662227908,1,1,1
-2.6514983269908,2.19705687464961,2.19705687464961,-10.5977287539063,-2.9523455719429,2,-1,2
-1.72876031365883,0.744116562204627,0.744116562204627,0.24900102340524,-0.971822978117186,2,-1,2
-0.734152516323139,1.37534373476359,1.37534373476359,1.02975454492406,0.2287602327482,1,1,1
1.35258708844406,2.29827336298816,2.29827336298816,-3.25898607034506,-0.413573777491607,2,-1,2
1.88985661577347,-0.462437250564606,-0.462437250564606,-0.700672391553295,-1.26016811676781,2,-1,2
1.156415807537,-1.03036077441939,-1.03036077441939,-0.808877673700988,-0.161016481373626,2,-1,2
-0.462369866746962,-2.45168715696394,-2.45168715696394,-1.82870287192823,0.391625119976474,1,1,1
-1.99258437071456,0.0614143368493221,0.0614143368493221,1.81015968671609,-1.45403383609642,2,-1,2
-1.47414851230963,0.801439523289473,0.801439523289473,0.533968718545249,-0.571839055031832,2,-1,2
-0.274330394870404,1.75616066668795,1.75616066668795,1.64464232060515,0.454761590899702,1,1,1
1.85305285469395,1.01825890390325,1.01825890390325,-4.33129634644835,-1.19829347194158,2,-1,2
0.606690070459253,1.24843546677627,1.24843546677627,0.565614138772669,0.309387900396863,1,1,1
1.46548362715054,0.0724159925144446,0.0724159925144446,-1.5485912805647,-0.562615487489255,2,-1,2
0.966322749809747,-0.975834934330039,-0.975834934330039,-0.966952649933264,0.0369190975448557,1,1,1
-0.589801251059376,-2.34731612506152,-2.34731612506152,-1.3255942741954,0.325428969895395,1,1,1
-1.9250944657597,0.109844841202015,0.109844841202015,1.62785556648323,-1.32422929461332,2,-1,2
-1.3734752308485,0.855441745936632,0.855441745936632,0.615182402798287,-0.431256034721794,2,-1,2
-0.0746748329094697,1.92864057960606,1.92864057960606,1.91830225355152,0.488089061219725,1,1,1
1.93439586187704,0.616760221594714,0.616760221594714,-3.62548291172649,-1.34815107168535,2,-1,2
1.66673144123187,-0.673500647029921,-0.673500647029921,-0.4692515357587,-0.869623591417628,2,-1,2
0.68375722494287,-1.41290503762881,-1.41290503762881,-1.07201097745882,0.266875296469969,1,1,1
-1.43400685533932,-2.1726470736218,-2.1726470736218,3.72913834420422,-0.515158842788909,2,-1,2
-2.87649303422519,2.81945911297197,2.81945911297197,-17.6328507749374,-3.561030598972,2,-1,2
-1.96272738672563,0.633294939217698,0.633294939217698,0.156380994966925,-1.39558927300815,2,-1,2
-1.17329179125412,1.04039877444607,1.04039877444607,0.781463434842187,-0.181339321165585,2,-1,2
0.436906373516004,2.44142054260627,2.44142054260627,1.89198483671784,0.39426916586553,1,1,1
1.98763044176586,-0.0327861428584262,-0.0327861428584262,-1.8908891971284,-1.44812294618605,2,-1,2
1.48049262529308,-0.795597917311457,-0.795597917311457,-0.532252553744795,-0.581356241550327,2,-1,2
0.30511610135868,-1.6989931670753,-1.6989931670753,-1.5692290173253,0.451004450925894,1,1,1
-1.81133388185834,-1.11148142733674,-1.11148142733674,4.34654569359337,-1.11643545514935,2,-1,2
-1.72999367227996,0.617847966194566,0.617847966194566,0.49869798753466,-0.973985995516771,2,-1,2
-0.825472153670389,1.27849186924191,1.27849186924191,0.969802297719352,0.159122279084947,1,1,1
1.15263206735815,2.46888819811387,2.46888819811387,-1.96381165924617,-0.167341639810961,2,-1,2
1.99465584480253,-1.72596533593034,-1.72596533593034,3.14639415006682,-1.45495515825782,2,-1,2
0.529612074558416,-1.82226939860668,-1.82226939860668,-1.45969330369754,0.359520922898799,1,1,1
-1.84595811109109,-1.4119344433258,-1.4119344433258,5.24527690261518,-1.17884371834215,2,-1,2
-1.84543789039832,0.582055482090203,0.582055482090203,0.445221354147998,-1.17649886526016,2,-1,2
-1.02425887161767,1.14480668298206,1.14480668298206,0.968041724368596,-0.0208868413865241,2,-1,2
0.767793818045254,2.60509951822357,2.60509951822357,0.616754115749597,0.196780894314062,1,1,1
1.97544418660732,-0.243606427821535,-0.243606427821535,-1.26840582732836,-1.4235406056328,2,-1,2
1.3772768464263,-0.867251894493401,-0.867251894493401,-0.599445983747707,-0.436277055397897,2,-1,2
0.058127679151076,-1.96395006388831,-1.96395006388831,-1.95751061959844,0.49521853711325,1,1,1
-1.9402196304115,-0.547419351406186,-0.547419351406186,3.45353426852096,-1.35346083266233,2,-1,2
-1.64592362195933,0.685690835755801,0.685690835755801,0.474033709059122,-0.834733875454435,2,-1,2
-1.9090501967574,-1.8995729408794,-1.8995729408794,6.93241889269639,-1.29561098573358,2,-1,2
-2.01460802568465,0.539790735742738,0.539790735742738,0.363579522400214,-1.4969106473854,2,-1,2
-1.29625681510684,0.946425773151255,0.946425773151255,0.652420652158082,-0.330179671281844,2,-1,2
0.145749902827718,2.17503079511925,2.17503079511925,2.12573037144174,0.479214648681066,1,1,1
1.98018584911653,0.249317636468893,0.249317636468893,-2.70847657170309,-1.43475758323479,2,-1,2
1.58032725175994,-0.730583713262477,-0.730583713262477,-0.486326197006251,-0.731639491973838,2,-1,2
0.510118065643461,-1.52457838746057,-1.52457838746057,-1.260595075246,0.36878379365605,1,1,1
-1.64238848101776,-1.70027175714471,-1.70027175714471,4.52849764083017,-0.830105217573387,2,-1,2
-1.81066801808503,0.552517215110482,0.552517215110482,0.551747227011282,-1.11415345387315,2,-1,2
-0.989500903296051,1.16848301027195,1.16848301027195,0.993239474812594,0.0133921629894743,1,1,1
0.846499342712052,2.6200878641642,2.6200878641642,0.1360661929606,0.134019402888337,1,1,1
-1.17454654224277,0.148538589793427,0.148538589793427,1.11816729750267,-0.182664293657569,2,-1,2
-0.53402662946288,1.08236853899038,1.08236853899038,0.925989958058347,0.353123423009271,1,1,1
1.16932491458618,1.99414857783552,1.99414857783552,-1.90181707751774,-0.184992486981263,2,-1,2
1.76689920315848,-0.401281688780706,-0.401281688780706,-0.915406428054013,-1.03956270440507,2,-1,2
1.01791747835109,-1.10519722669998,-1.10519722669998,-0.977957975454385,-0.0129695641060803,2,-1,2
-0.708482130522725,-2.54846139824439,-2.54846139824439,-0.913648595173877,0.249678170922111,1,1,1
-1.96327102481958,0.20628854097711,0.20628854097711,1.37443418181833,-1.39699920092759,2,-1,2
-1.37762083996977,0.863409930246195,0.863409930246195,0.602417577299683,-0.436847089051413,2,-1,2
-0.0702360656758547,1.94592701307514,1.94592701307514,1.93667403283108,0.488363864646896,1,1,1
1.93496097315014,0.583159593890996,0.583159593890996,-3.53519403371086,-1.3490911186959,2,-1,2
1.65369772659979,-0.680240541476035,-0.680240541476035,-0.473673459157837,-0.848345727804759,2,-1,2
-0.408329888147305,-1.25262515881175,-1.25262515881175,-0.975688646742657,0.413538603041778,1,1,1
-1.50655673773489,-0.317059804742428,-0.317059804742428,1.90913175827858,-0.6195244790132,2,-1,2
-1.15396167456346,0.837388637132181,0.837388637132181,0.876260535480475,-0.159260302414288,2,-1,2
0.223545687725699,2.10922017351207,2.10922017351207,1.99264562444196,0.464944184116653,1,1,1
1.93850936356685,0.21000722786329,0.21000722786329,-2.51767119275596,-1.35434912473707,2,-1,2
1.52141144590511,-0.755794514531073,-0.755794514531073,-0.527773848644395,-0.641812422636578,2,-1,2
0.395842544831197,-1.63120445536407,-1.63120445536407,-1.43763396655627,0.419738349085395,1,1,1
-1.75961329571017,-1.38809102589338,-1.38809102589338,4.66938377094412,-1.02588545429017,2,-1,2
-1.78368355489925,0.586321358772233,0.586321358772233,0.504607665978654,-1.06654898386192,2,-1,2
-0.92839674068425,1.2105634368828,1.2105634368828,0.96735817472274,0.0707727606798894,1,1,1
0.968552229346714,2.60145068236486,2.60145068236486,-0.747545561964397,0.0247710665014049,1,1,1
0.671117368334277,-2.16303683608775,-2.16303683608775,-1.49107851274932,0.277099994591583,1,1,1
-2.0243774632982,-1.3139698945195,-1.3139698945195,6.0951929990625,-1.51798714413048,2,-1,2
-1.94336087712203,0.575166849498815,0.575166849498815,0.346322982442197,-1.35852444159788,2,-1,2
-1.17500983877459,1.03311831388083,1.03311831388083,0.781755293600891,-0.18331561450146,2,-1,2
0.441152140185763,2.44807136603435,2.44807136603435,1.88578452435052,0.392407204278716,1,1,1
2.0003212601474,-0.0417611099558632,-0.0417611099558632,-1.87498426124836,-1.47295035397781,2,-1,2
1.4917509218487,-0.791294204449057,-0.791294204449057,-0.522161664060413,-0.597802641890834,2,-1,2
0.316484481701739,-1.70548254437511,-1.70548254437511,-1.56635712709996,0.44756037628145,1,1,1
-1.81618602444888,-1.12460620527173,-1.12460620527173,4.40112900962123,-1.12508936393363,2,-1,2
-1.7377700201583,0.615832049544757,0.615832049544757,0.493884953921639,-0.987215618667845,2,-1,2
-0.838246954224079,1.28671120116554,1.28671120116554,0.971594229951307,0.148713777505341,1,1,1
-1.24713210878869,-0.80182894023785,-0.80182894023785,1.69241858712845,-0.26885669137938,2,-1,2
-1.26698677350449,0.584864848267353,0.584864848267353,0.912994116554216,-0.29339416572419,2,-1,2
-0.203323879218421,1.62189699834398,1.62189699834398,1.56325233465346,0.471372702040651,1,1,1
1.7776853970192,1.01788655308909,1.01788655308909,-3.9764886803801,-1.06375211459673,2,-1,2
1.6719680650176,-0.634664201949835,-0.634664201949835,-0.532442954135412,-0.878352522931084,2,-1,2
0.718404975379799,-1.38753332076797,-1.38753332076797,-1.04219236189331,0.242983349841711,1,1,1
-1.38201367959032,-2.25012631244325,-2.25012631244325,3.42954269288312,-0.44318118427068,2,-1,2
-1.8840354768782,0.470169216458674,0.470169216458674,0.685296895618031,-1.2472039127543,2,-1,2
-1.14393257638097,1.04293178189352,1.04293178189352,0.822102873147176,-0.14799898972641,2,-1,2
0.469433545364549,2.44189699964067,2.44189699964067,1.8003333365695,0.379661134751072,1,1,1
1.98309779915619,-0.0641317837258247,-0.0641317837258247,-1.79501999968501,-1.43915331506165,2,-1,2
-0.263580094697784,1.71105576835808,1.71105576835808,1.61049316841806,0.457624485528395,1,1,1
1.83053122113126,1.068531174677,1.068531174677,-4.34248191126736,-1.15770017972544,2,-1,2
1.73105093608144,-0.621612368651151,-0.621612368651151,-0.489978629007009,-0.977143048320119,2,-1,2
0.825222305145433,-1.27556981948613,-1.27556981948613,-0.968886831242052,0.161803007097971,1,1,1
-1.15043258331309,-2.47071936697712,-2.47071936697712,1.94969826303458,-0.154733873782084,2,-1,2
-1.91349890840496,0.395171866771265,0.395171866771265,0.861757650137395,-1.30216030158248,2,-1,2
-1.22342439368691,0.982596985574729,0.982596985574729,0.735302394185463,-0.240223387819925,2,-1,2
0.267031214874921,2.2547446551801,2.2547446551801,2.0749277378882,0.454031377785344,1,1,1
1.98097105896845,0.120758228731348,0.120758228731348,-2.33409786693478,-1.43576326403383,2,-1,2
1.53196273861652,-0.760366682671285,-0.760366682671285,-0.507817377413992,-0.657616925647128,2,-1,2
0.403631130833244,-1.63583881480938,-1.63583881480938,-1.43508989272656,0.41669870682513,1,1,1
-1.80195730704984,0.0854066304816696,0.0854066304816696,1.61004432637395,-1.09901816652295,2,-1,2
-1.23880034060836,0.919942629763523,0.919942629763523,0.746974831064618,-0.258777132890822,2,-1,2
0.179361479002554,2.14829049177776,2.14829049177776,2.07340867059659,0.473773726371238,1,1,1
1.96387423572329,0.229528816989452,0.229528816989452,-2.6195926223096,-1.40306533571923,2,-1,2
1.55514422847556,-0.741740014820504,-0.741740014820504,-0.503005620631874,-0.692824788532166,2,-1,2
0.454889804012895,-1.58727122562436,-1.58727122562436,-1.35295350140313,0.395038944147322,1,1,1
-1.71075523296801,-1.51551149312052,-1.51551149312052,4.63066617100495,-0.942655720314391,2,-1,2
-1.78652123182863,0.57595708160544,0.57595708160544,0.524220221894107,-1.07152558537769,2,-1,2
-0.938882717549715,1.20666481877263,1.20666481877263,0.970614693749621,0.061185456702216,1,1,1
0.955473042965443,2.60713957521374,2.60713957521374,-0.64527185856557,0.0371674461571176,1,1,1
1.95411731762845,-0.324380583473409,-0.324380583473409,-1.03982647965663,-1.3820479792242,2,-1,2
0.554487413172255,-2.72129752368001,-2.72129752368001,-2.05509812300795,0.348367839077001,1,1,1
-2.27890075768335,-0.606983675821788,-0.606983675821788,4.82421922272492,-2.05512118046179,2,-1,2
-1.99212713706424,0.582677957203752,0.582677957203752,0.262406524695865,-1.45267799169724,2,-1,2
-1.24298225255672,0.986956166985007,0.986956166985007,0.70508632503505,-0.263867941086412,2,-1,2
0.269603999372835,2.29321461890835,2.29321461890835,2.10693277374469,0.453269331964184,1,1,1
1.9918984552145,0.110048034413091,0.110048034413091,-2.31848354514216,-1.4570499158475,2,-1,2
1.54123157866307,-0.757048960740335,-0.757048960740335,-0.499990390561762,-0.67161638679155,2,-1,2
0.427354692205151,-1.59487932981634,-1.59487932981634,-1.38165193173048,0.406956312680215,1,1,1
-1.72508840506846,-1.45172516383306,-1.45172516383306,4.59359571573762,-0.966816297589036,2,-1,2
-1.77837148123289,0.58177391420288,0.58177391420288,0.520224232633742,-1.05726917327926,2,-1,2
-0.922651564904681,1.22130403520826,1.22130403520826,0.967065395186111,0.0759758798803803,1,1,1
0.64526911140863,-1.97685525787625,-1.97685525787625,-1.4224197697769,0.293317001975875,1,1,1
-1.92152767823882,-1.47835603421696,-1.47835603421696,5.90165923574371,-1.31876279482222,2,-1,2
-1.91133514324321,0.5724958180953,0.5724958180953,0.392388076622731,-1.29796029655149,2,-1,2
-1.12844879449502,1.06725252765217,1.06725252765217,0.836665494795181,-0.130761017195481,2,-1,2
0.526972551061098,2.4971245158118,2.4971245158118,1.65733254994919,0.351152782195317,1,1,1
1.98258554806011,-0.0977079672947481,-0.0977079672947481,-1.69623813775365,-1.43801875086035,2,-1,2
1.44813662977947,-0.816700552594606,-0.816700552594606,-0.552134699755756,-0.53475372557157,2,-1,2
0.235052167920316,-1.76268781084672,-1.76268781084672,-1.67828667232865,0.469628793277238,1,1,1
-1.85511034816319,-0.939515465223266,-0.939515465223266,4.14887572791983,-1.19514669032852,2,-1,2
-1.70615172248413,0.637799986244944,0.637799986244944,0.487345478822945,-0.933787667988313,2,-1,2
-0.775023385844705,1.32887056912952,1.32887056912952,0.99619602848064,0.198610374626773,1,1,1
-2.60969044208832,2.69331322352,2.69331322352,-13.0397634983254,-2.84366754740022,2,-1,2
-1.47463124315052,0.925015253097445,0.925015253097445,0.388166322288599,-0.572507352330659,2,-1,2
-0.163462305224521,1.91397019106346,1.91397019106346,1.86719675124052,0.478026175149474,1,1,1
1.92615306216532,0.725694853706255,0.725694853706255,-3.8928337349992,-1.33294605464658,2,-1,2
1.69498756145125,-0.658177322522122,-0.658177322522122,-0.462232734985139,-0.916328709279047,2,-1,2
0.742668689380914,-1.35553440763961,-1.35553440763961,-1.01750416416426,0.225512775483731,1,1,1
-1.32830501141818,-2.31774071574612,-2.31774071574612,3.09997257942284,-0.371605143164059,2,-1,2
-1.90889479508548,0.448286539554357,0.448286539554357,0.723679275338407,-1.29348358833839,2,-1,2
-1.19012076199085,1.00997273875726,1.00997273875726,0.769580810826697,-0.200828785626243,2,-1,2
0.351016649075298,2.3359857935061,2.3359857935061,2.00491300008641,0.428059796645363,1,1,1
1.98713615290903,0.0368005535777285,0.0368005535777285,-2.09565031656856,-1.4474411675064,2,-1,2
2.79379219844736,1.85038408869877,1.85038408869877,-15.3861644966033,-3.35124482804756,2,-1,2
2.70268449315427,-0.415163849124656,-0.415163849124656,-0.0852825659217227,-3.09379326401174,2,-1,2
2.2395951443661,-0.521916254775609,-0.521916254775609,-0.143690940931365,-1.9692360119368,2,-1,2
1.61824622615399,-0.759768093468852,-0.759768093468852,-0.38839377326001,-0.791094305977345,2,-1,2
0.545494729763338,-1.51231082472346,-1.51231082472346,-1.22462067664174,0.35045095425966,1,1,1
-1.61470426661161,-1.78391165171163,-1.78391165171163,4.48193171267664,-0.785829841089674,2,-1,2
-1.82287519111038,0.543196284954157,0.543196284954157,0.561098684336587,-1.13592030775486,2,-1,2
-1.01335054010372,1.1496825977348,1.1496825977348,0.98244785696209,-0.0100000000000047,2,-1,2
0.795235812095589,2.61515051102076,2.61515051102076,0.458422211061081,0.175576700239204,1,1,1
1.97249476400113,-0.255867495338835,-0.255867495338835,-1.23284948787449,-1.41777104412015,2,-1,2
1.36791215373992,-0.873674078454631,-0.873674078454631,-0.606781572119444,-0.42363300647962,2,-1,2
-1.17231738495978,-2.4139673159617,-2.4139673159617,2.07593306571195,-0.179749438488594,2,-1,2
-1.89562920969531,0.405211600475079,0.405211600475079,0.844749352122664,-1.26875375245288,2,-1,2
-1.19409626523195,0.995944802940923,0.995944802940923,0.76995734469834,-0.205472832472293,2,-1,2
0.351704114450595,2.35002838221723,2.35002838221723,2.01583546255543,0.427791325411414,1,1,1
1.99293577182918,0.0376172938992124,0.0376172938992124,-2.10472658216557,-1.45878529475784,2,-1,2
1.51434110722798,-0.774439135686784,-0.774439135686784,-0.512813966710395,-0.631207429459125,2,-1,2
0.368354009927255,-1.65360544804673,-1.65360544804673,-1.47921652227791,0.430070486696947,1,1,1
-1.78077573533702,-1.27023331485609,-1.27023331485609,4.53865831858553,-1.06261951393737,2,-1,2
-1.75970329605283,0.599565165518611,0.599565165518611,0.502681536675538,-1.02485641930466,2,-1,2
-0.881477970293746,1.24835736072947,1.24835736072947,0.963290822526908,0.11233650987853,1,1,1
1.05321526319488,2.55222296465251,2.55222296465251,-1.33207724572509,-0.0594950480966243,2,-1,2
1.10539815907294,-0.359085037562392,-0.359085037562392,-1.02571536146562,-0.106365537015905,2,-1,2
0.284138737866677,-1.29584876161661,-1.29584876161661,-1.2141685325729,0.456263709287176,1,1,1
-1.53286673913277,-1.43871901065546,-1.43871901065546,3.4746776463836,-0.659128976362265,2,-1,2
-1.67469685153864,0.561746358847755,0.561746358847755,0.660964010743844,-0.881659799391337,2,-1,2
-0.780376365489743,1.29713102612295,1.29713102612295,0.982434015146258,0.194555721437013,1,1,1
1.21996982780713,2.41047329869424,2.41047329869424,-2.39706752967655,-0.245885228961395,2,-1,2
1.90124198282923,-0.420623079243595,-0.420623079243595,-0.801429951943776,-1.28153373950015,2,-1,2
1.19388939527532,-0.99838361831295,-0.99838361831295,-0.769205070454645,-0.204352404194238,2,-1,2
-0.358074948827893,-2.36173867536544,-2.36173867536544,-2.0130105124165,0.433757860159489,1,1,1
-1.99519798807096,-0.0301558073942371,-0.0301558073942371,2.0850868714387,-1.45923056976514,2,-1,2
-1.51401446046084,0.775202564091766,0.775202564091766,0.512266864556638,-0.630265380047577,2,-1,2
-2.26777059093133,-0.0289385393323789,-0.0289385393323789,2.38765669283419,-2.02956321274046,2,-1,2
-1.82659981119106,0.650171585217298,0.650171585217298,0.307495442357325,-1.14251634048528,2,-1,2
-0.954741110247913,1.20119263292418,1.20119263292418,0.976544531644804,0.0464806478076545,1,1,1
0.923903111574753,2.61537660806324,2.61537660806324,-0.405741799714091,0.0664129420838099,1,1,1
1.95536958759207,-0.312429729242342,-0.312429729242342,-1.07323354995895,-1.38450095220476,2,-1,2
1.32006222726334,-0.906747791693326,-0.906747791693326,-0.646743702694328,-0.360372711572566,2,-1,2
-0.0612010898682495,-2.07292921506186,-2.07292921506186,-2.06493567335731,0.495027559568537,1,1,1
-1.96028845594134,-0.36514798130154,-0.36514798130154,2.99830588008093,-1.39173982906478,2,-1,2
-1.60052784536187,0.714836205618774,0.714836205618774,0.484175731906371,-0.762436030127429,2,-1,2
-0.552398216217095,1.50720673975248,1.50720673975248,1.21585284884421,0.342978915223736,1,1,1
1.60666735223323,1.80605635046125,1.80605635046125,-4.4627287089268,-0.781992367841881,2,-1,2
-2.79366887330869,2.45592241247269,2.45592241247269,-13.9178658358989,-3.33147556343743,2,-1,2
-1.90927205892789,0.654518903800388,0.654518903800388,0.177860246501228,-1.29402899885403,2,-1,2
-1.0778821461866,1.1224900617431,1.1224900617431,0.896229668095294,-0.0761060576946854,2,-1,2
0.639304190650925,2.54853906486359,2.54853906486359,1.2456361318684,0.286238792220109,1,1,1
1.98452237224344,-0.174075630920439,-0.174075630920439,-1.4730308897205,-1.44148262224635,2,-1,2
1.41857438254857,-0.83864027121654,-0.83864027121654,-0.569574154229446,-0.493066444282727,2,-1,2
0.148093829639521,-1.87836100948311,-1.87836100948311,-1.84041316624019,0.486088735179345,1,1,1
-1.91368545965633,-0.719596362359084,-0.719596362359084,3.8293891664623,-1.30338893536443,2,-1,2
-1.68075356736919,0.662843256639067,0.662843256639067,0.471109329980531,-0.891579059031268,2,-1,2
-0.715620074982634,1.38805446212554,1.38805446212554,1.04369268158257,0.241895092811522,1,1,1
1.38471123389146,2.25026870043632,2.25026870043632,-3.44916444929008,-0.456717273865887,2,-1,2
-1.4473201103999,0.975133706123892,0.975133706123892,0.379806623140469,-0.533368016626819,2,-1,2
-0.0676127131205198,2.01806105107029,2.01806105107029,2.00914461750052,0.48842342944192,1,1,1
1.96575832488132,0.529968685698755,0.529968685698755,-3.48369770395363,-1.40791909541672,2,-1,2
1.66373465723596,-0.682215881320712,-0.682215881320712,-0.457568103645132,-0.864690178351131,2,-1,2
0.675755535633117,-1.40531069028517,-1.40531069028517,-1.07216257985573,0.272192291991726,1,1,1
-1.43154095964878,-2.14679526044719,-2.14679526044719,3.68419366210674,-0.511679869184534,2,-1,2
-1.8677355452753,0.485178598926158,0.485178598926158,0.660399620729767,-1.21718862800529,2,-1,2
-1.11184515075823,1.07136806015802,1.07136806015802,0.858788401429297,-0.112534329247835,2,-1,2
0.546597246454208,2.49323443874342,2.49323443874342,1.58502833442562,0.340735857286636,1,1,1
1.9829641454471,-0.120363144328091,-0.120363144328091,-1.63004173671133,-1.43866414950333,2,-1,2
1.43890827221055,-0.823369069251238,-0.823369069251238,-0.55752707540825,-0.521648625261126,2,-1,2
-1.12973354346353,0.120408127066865,0.120408127066865,1.0964650333133,-0.132003700901715,2,-1,2
-0.524227010164733,1.03465868737414,1.03465868737414,0.894384937776576,0.358238196737205,1,1,1
1.12088308065217,2.00872502274326,2.00872502274326,-1.63587775319997,-0.130390584859072,2,-1,2
1.77004560823039,-0.374740764487409,-0.374740764487409,-0.970700527804237,-1.04512985952732,2,-1,2
1.03593943102806,-1.10158991185975,-1.10158991185975,-0.95533554114015,-0.0311486673968393,2,-1,2
-0.693997154939956,-2.5575797510258,-2.5575797510258,-0.991516096610725,0.259692507629824,1,1,1
-1.9666186170001,0.20617798891021,0.20617798891021,1.37538492834271,-1.40345532070166,2,-1,2
-1.38249867791753,0.860551545867471,0.860551545867471,0.598275821515952,-0.443448726565267,2,-1,2
-0.0800248606060746,1.9375421860471,1.9375421860471,1.92564668537519,0.487687349739188,1,1,1
1.93317227530668,0.598704743280177,0.598704743280177,-3.57191998444879,-1.34575280746958,2,-1,2
1.65727982409035,-0.678275098253124,-0.678275098253124,-0.472620534371094,-0.854177358117147,2,-1,2
0.280261676059678,-1.89087326684684,-1.89087326684684,-1.76436519108647,0.45849373808082,1,1,1
-1.93001454910774,-0.935878180680161,-0.935878180680161,4.48024156234418,-1.3343830709146,2,-1,2
-1.76577192706249,0.62735756182345,0.62735756182345,0.437059666322258,-1.03533521525694,2,-1,2
-0.871090582595286,1.28097092753692,1.28097092753692,0.969954212386651,0.121233043800781,1,1,1
1.11305724753471,2.54786258810014,2.54786258810014,-1.72173253998729,-0.123387391921376,2,-1,2
1.93311734228074,-0.383827174447142,-0.383827174447142,-0.882604374842733,-1.34171249287261,2,-1,2
1.25671683062541,-0.953671729137495,-0.953671729137495,-0.704219328617404,-0.280081502114121,2,-1,2
-0.206688395001436,-2.2143790661499,-2.2143790661499,-2.11095083995023,0.475843394341402,1,1,1
-1.97812079711795,-0.177478302501021,-0.177478302501021,2.49510832824868,-1.42605490133015,2,-1,2
-1.5500599670342,0.748508801630115,0.748508801630115,0.500137223912286,-0.684439471306978,2,-1,2
-0.443808277666528,1.59848265229507,1.59848265229507,1.37105130499198,0.395695710472256,1,1,1
2.81750776658735,1.65079694016669,1.65079694016669,-14.2713147407917,-3.41564986835678,2,-1,2
2.69725937658789,-0.416279533589455,-0.416279533589455,-0.0850186569806706,-3.07939974568197,2,-1,2
2.23278391345929,-0.523849238923063,-0.523849238923063,-0.14507496699595,-1.95426674400339,2,-1,2
1.60829396434138,-0.764887015564186,-0.764887015564186,-0.394716977579119,-0.775307294293826,2,-1,2
0.522565469705112,-1.53647565314147,-1.53647565314147,-1.25960246426004,0.362510044022611,1,1,1
-1.64534174297712,-1.71311913259053,-1.71311913259053,4.56989212999015,-0.834882333022736,2,-1,2
-1.81330736117602,0.552913090195926,0.552913090195926,0.548195994961585,-1.11884569662329,2,-1,2
-0.992994141204202,1.1682870740299,1.1682870740299,0.995441692536956,0.0100000000000055,1,1,1
0.842912331320175,2.62201750246871,2.62201750246871,0.16018070356535,0.13700522532806,1,1,1
1.96763001548982,-0.278093770167067,-0.278093770167067,-1.16906487804607,-1.40826554021296,2,-1,2
1.35170936366446,-0.884986750189085,-0.884986750189085,-0.619720712445176,-0.401959394801238,2,-1,2
2.63699364938513,2.36896410256589,2.36896410256589,-16.7411793413973,-2.93511323757006,2,-1,2
2.63840670669084,-0.425998686913549,-0.425998686913549,-0.0989476155864173,-2.92512641859729,2,-1,2
2.15876947677706,-0.545234457381866,-0.545234457381866,-0.163055614429735,-1.79454085533125,2,-1,2
1.49838853021906,-0.825881142103782,-0.825881142103782,-0.470027605421846,-0.607428808167091,2,-1,2
0.297542612395104,-1.74363168616944,-1.74363168616944,-1.61560709777308,0.453324854268998,1,1,1
-1.83763336673291,-1.06635270439373,-1.06635270439373,4.37224326083838,-1.16353949118695,2,-1,2
-1.72977184121527,0.624269103698315,0.624269103698315,0.486158728338627,-0.97360591871317,2,-1,2
-0.819475538827134,1.29702741971149,1.29702741971149,0.976332153817724,0.163940053383151,1,1,1
1.18419098036044,2.47129916748775,2.47129916748775,-2.17841509277373,-0.203690622567797,2,-1,2
1.91695584395527,-0.406495944276682,-0.406495944276682,-0.82969313070877,-1.31105949470309,2,-1,2
1.22343418665085,-0.977216008792921,-0.977216008792921,-0.737961864123934,-0.239480945536477,2,-1,2
0.587399872866511,2.5312454101387,2.5312454101387,1.45519237460039,0.317760052087073,1,1,1
1.99318619613905,-0.137458859262272,-0.137458859262272,-1.58454970724674,-1.45856128458703,2,-1,2
1.44453563390557,-0.822219316770759,-0.822219316770759,-0.551043717609754,-0.529620109600038,2,-1,2
0.212230417272187,-1.81201096137845,-1.81201096137845,-1.73995404603111,0.474705103140625,1,1,1
-1.88406803213083,-0.867669217724065,-0.867669217724065,4.09637495201413,-1.24826878812217,2,-1,2
-1.70468583544136,0.645365280864976,0.645365280864976,0.474649427566994,-0.931331046007821,2,-1,2
-0.764610147689049,1.35389776784722,1.35389776784722,1.00938332554239,0.20643977198058,1,1,1
1.30437620383866,2.3656199867418,2.3656199867418,-2.96361563075108,-0.350704914490906,2,-1,2
1.90063321232328,-0.446853320209258,-0.446853320209258,-0.733270645897361,-1.28029292946635,2,-1,2
1.1798420744145,-1.0136965847786,-1.0136965847786,-0.782445318424235,-0.187935387548615,2,-1,2
-0.39189983349851,-2.3835697136969,-2.3835697136969,-1.9572978924639,0.421258304346871,1,1,1
-2.46904498768848,-1.82410282548513,-1.82410282548513,11.7650070730361,-2.50020190118382,2,-1,2
-2.41250925696648,0.470378639756532,0.470378639756532,0.1451897072396,-2.36137220280877,2,-1,2
-1.86336942279263,0.648091363292311,0.648091363292311,0.261193206873563,-1.20907787709289,2,-1,2
-1.01124425436998,1.16924179572407,1.16924179572407,0.984801918980036,-0.00791760885863958,2,-1,2
0.801597258608134,2.61778899813963,2.61778899813963,0.420634439549953,0.170554770561574,1,1,1
1.96566620057223,-0.263961348236883,-0.263961348236883,-1.2097221795901,-1.40452848659899,2,-1,2
1.3557411236202,-0.88113916411805,-0.88113916411805,-0.617316550402256,-0.407331720633035,2,-1,2
0.0114577451459815,-2.01156624675948,-2.01156624675948,-2.01130367266774,0.496820901543092,1,1,1
-1.95474000813327,-0.475311991262772,-0.475311991262772,3.2955991753508,-1.38116829841072,2,-1,2
-1.63445400153182,0.694995228739252,0.694995228739252,0.472811257636576,-0.816274980209296,2,-1,2
-0.61830560410496,1.45494102190029,1.45494102190029,1.13509377894412,0.305321009402677,1,1,1
-2.72863626653677,-1.04801801542041,-1.04801801542041,9.48359014119672,-3.16170506032902,2,-1,2
-2.52379997173789,0.449802964241353,0.449802964241353,0.108553134502018,-2.63099844032361,2,-1,2
-2.01077087619341,0.593247080359325,0.593247080359325,0.205401648050629,-1.48928356723114,2,-1,2
-1.26382319599065,0.981053681986051,0.981053681986051,0.677889796094096,-0.289476660540158,2,-1,2
0.196204455242475,2.19708448448529,2.19708448448529,2.10495198290815,0.470516265126332,1,1,1
1.97427254525247,0.198749565925623,0.198749565925623,-2.55019951389641,-1.42306212963769,2,-1,2
1.55543622636156,-0.743957375392232,-0.743957375392232,-0.499476627373624,-0.693262976874404,2,-1,2
0.462081782863405,-1.56168675374194,-1.56168675374194,-1.32689956873205,0.391752210515695,1,1,1
-1.69055028154261,-1.56011002351209,-1.56011002351209,4.58917269775623,-0.908913135350887,2,-1,2
-1.79222165358019,0.569148322557111,0.569148322557111,0.533232294198966,-1.08153795435134,2,-1,2
-0.951611864241062,1.19965327739762,1.19965327739762,0.975035620325938,0.0494029172966946,1,1,1
-0.667936261863108,-1.37190580935662,-1.37190580935662,-0.46185301370123,0.276272895096097,1,1,1
-1.51928100814219,0.000292979782521963,0.000292979782521963,1.51889772765996,-0.638329435153383,2,-1,2
-0.970528887109453,1.02092458521606,1.02092458521606,0.973455550718695,0.0316634964447266,1,1,1
0.65373930515871,2.41754711707852,2.41754711707852,1.10495583940728,0.277329269053095,1,1,1
1.93651671357993,-0.163939423597885,-0.163939423597885,-1.48566739951676,-1.34905540025038,2,-1,2
1.36388296170113,-0.866792022952971,-0.866792022952971,-0.618288631017467,-0.418251202222244,2,-1,2
0.0498318865590213,-1.95472951492365,-1.95472951492365,-1.94999924090577,0.495630754377337,1,1,1
-1.93024167980455,-0.560162278065954,-0.560162278065954,3.45715047047718,-1.33450988907954,2,-1,2
-1.64241302486305,0.684958511655038,0.684958511655038,0.479681879376716,-0.829071877727772,2,-1,2
-0.643167644571251,1.41503739309305,1.41503739309305,1.09574218763515,0.29002109606802,1,1,1
1.46728349925197,2.08363750755523,2.08363750755523,-3.86955266134528,-0.572098686747104,2,-1,2
1.97242505491158,-0.859480039838464,-0.859480039838464,0.511868134358292,-1.41518838037553,2,-1,2
1.06572235585509,-1.15768485397143,-1.15768485397143,-0.908550267531689,-0.0617092851898979,2,-1,2
-0.728184728171614,-2.62163703308257,-2.62163703308257,-0.845384000265028,0.235785343315203,1,1,1
-1.99094996249689,0.223048102733238,0.223048102733238,1.32986176072747,-1.45069552390459,2,-1,2
-1.40576327608135,0.850092600180926,0.850092600180926,0.575928052404653,-0.475256387969595,2,-1,2
-0.133366773194235,1.86986358727415,1.86986358727415,1.83897704600331,0.48237506551243,1,1,1
1.9081254791125,0.708041286754129,0.708041286754129,-3.7780220486495,-1.29889922526935,2,-1,2
1.67214911266699,-0.665680890081738,-0.665680890081738,-0.476531212230883,-0.878535697171188,2,-1,2
0.701265399744717,-1.39455848908675,-1.39455848908675,-1.05361555512537,0.254936213477191,1,1,1
-1.404094476575,-2.21608084322943,-2.21608084322943,3.55697557317343,-0.473425837430273,2,-1,2
-1.87907960519431,0.477231032449368,0.477231032449368,0.671236418301843,-1.23804845903716,2,-1,2
-1.31439294187572,0.256176498949491,0.256176498949491,1.12799154190881,-0.353418982646042,2,-1,2
-0.565990688109201,1.21634989089063,1.21634989089063,1.00801027354362,0.335812097388809,1,1,1
1.30853271865796,2.03600824581962,2.03600824581962,-2.75869562693347,-0.354990470027516,2,-1,2
1.80443072576911,-0.45523292620549,-0.45523292620549,-0.777438790115122,-1.10519220994682,2,-1,2
1.03752650548845,-1.11487916375536,-1.11487916375536,-0.952281451484667,-0.0327255490472619,2,-1,2
-0.686853439933598,-2.54582320027628,-2.54582320027628,-1.02075094514603,0.26454359423277,1,1,1
-1.96778212033487,0.200696609671333,0.200696609671333,1.3913480467701,-1.40570647002469,2,-1,2
-1.3864470173988,0.857822769225974,0.857822769225974,0.595332550978174,-0.448809578588466,2,-1,2
-0.0862944351511514,1.92917490600619,1.92917490600619,1.91545147356877,0.487208969496688,1,1,1
1.93007231010196,0.611993861255986,0.611993861255986,-3.59786520372499,-1.33991987178321,2,-1,2
1.65961125170882,-0.676083265046221,-0.676083265046221,-0.473551952450848,-0.85798303073482,2,-1,2
-2.15445465015142,1.81318188452424,1.81318188452424,-4.44856419826484,-1.78159398494234,2,-1,2
-0.858168555799998,1.46806749914349,1.46806749914349,1.0189054278487,0.132074058044244,1,1,1
1.34984446447427,2.49356603103716,2.49356603103716,-3.39975542244524,-0.410564081425199,2,-1,2
1.94375315080965,-0.456579139650975,-0.456579139650975,-0.675295800805596,-1.36167318490833,2,-1,2
1.23451270982832,-0.983391780048859,-0.983391780048859,-0.719194145602934,-0.252830377996892,2,-1,2
-0.248338331805482,-2.24078112781556,-2.24078112781556,-2.08727233409819,0.466496399204382,1,1,1
-1.97782822800452,-0.141509840291075,-0.141509840291075,2.3898772176864,-1.42545556691415,2,-1,2
-1.53761407532753,0.755753743311575,0.755753743311575,0.506571706997637,-0.665590219342994,2,-1,2
-0.427195046961531,1.58901414624245,1.58901414624245,1.37698726316067,0.402762242931228,1,1,1
1.71619906804285,1.44866461879214,1.44866461879214,-4.53434319824649,-0.959732919450694,2,-1,2
1.77472284266674,-0.5796528417046,-0.5796528417046,-0.52867723082624,-1.05249330032526,2,-1,2
-2.55269613792137,2.9213216196031,2.9213216196031,-13.5620663680937,-2.69907202140706,2,-1,2
-1.24390845730399,1.1362534134567,1.1362534134567,0.622027589855326,-0.265003964641917,2,-1,2
0.451497241160651,2.54977892114757,2.54977892114757,1.93796949944184,0.387611345189739,1,1,1
2.02332584896887,-0.0750852189108364,-0.0750852189108364,-1.79102363282246,-1.51828715257853,2,-1,2
1.5057951073418,-0.787729732011049,-0.787729732011049,-0.507411552728418,-0.618487137733664,2,-1,2
0.347398896288059,-1.66661524649722,-1.66661524649722,-1.50740431110285,0.437439127726604,1,1,1
-1.79330520061035,-1.22849979553096,-1.22849979553096,4.51559138952414,-1.08459058895714,2,-1,2
-1.75114173604271,0.606286773191433,0.606286773191433,0.498251707889376,-1.01010695395778,2,-1,2
-0.864694829347044,1.27000966913782,1.27000966913782,0.966956919424908,0.126673835568126,1,1,1
1.11257500011183,2.54350549163187,2.54350549163187,-1.7174794395265,-0.122845346000767,2,-1,2
1.93183142290732,-0.384460345557734,-0.384460345557734,-0.881496275167303,-1.33926879102864,2,-1,2
1.63346861577994,-1.80770591079497,-1.80770591079497,1.38218203028754,-0.811594546672171,2,-1,2
-0.465855341217816,-3.02993599264613,-3.02993599264613,-2.27127516612283,0.390616848694789,1,1,1
-2.15024884882532,0.171144881689681,0.171144881689681,1.53009337073427,-1.77449499473742,2,-1,2
-1.62405439257564,0.74026831409561,0.74026831409561,0.411826038279239,-0.799634315390525,2,-1,2
-0.574615713192974,1.48266290809541,1.48266290809541,1.18284096332443,0.330768082490732,1,1,1
1.57345691715282,1.87162453996191,1.87162453996191,-4.33553803223734,-0.730257076570692,2,-1,2
1.83159676258537,-0.530787144556502,-0.530787144556502,-0.581727485159966,-1.153414409842,2,-1,2
1.03381509543303,-1.13086809823037,-1.13086809823037,-0.956041166901744,-0.0289059684757334,2,-1,2
-0.746276265439998,-2.60268340152872,-2.60268340152872,-0.737553106795304,0.222632142195076,1,1,1
-1.97659018874881,0.232452369571156,0.232452369571156,1.30087235604534,-1.42272853291521,2,-1,2
-1.38305274954139,0.863238467288394,0.863238467288394,0.595058542660044,-0.444199702635348,2,-1,2
-2.96686729725839,1.892768570729,1.892768570729,-11.8010838739912,-3.82189164642384,2,-1,2
-2.30584568366669,0.508020512357771,0.508020512357771,0.112759580393397,-2.11435459480905,2,-1,2
-1.71210253754735,0.713938317426544,0.713938317426544,0.333276964058849,-0.94372501558272,2,-1,2
-0.730872612553983,1.36681993461569,1.36681993461569,1.02711291644454,0.231116863410668,1,1,1
1.3489816349167,2.29556071078069,2.29556071078069,-3.2307708592241,-0.408768032252474,2,-1,2
1.88810014726277,-0.461669394018483,-0.461669394018483,-0.703954085137721,-1.2569119053801,2,-1,2
1.15452059267439,-1.03124940766395,-1.03124940766395,-0.81119930974846,-0.158863710457578,2,-1,2
-0.468425826275919,-2.45816526039074,-2.45816526039074,-1.81600458220868,0.388851044694318,1,1,1
-1.99379597659159,0.0651035144190386,0.0651035144190386,1.80009854241599,-1.45640104181815,2,-1,2
-1.47450259026353,0.801366970281488,0.801366970281488,0.533571240368829,-0.572351060899844,2,-1,2
-0.274010988349157,1.7516982561736,1.7516982561736,1.64075050861167,0.454852189957847,1,1,1
1.2411440630857,1.37404300824592,1.37404300824592,-1.98372992264867,-0.268301046521342,2,-1,2
1.54129565421776,-0.474490965689055,-0.474490965689055,-0.888589538380616,-0.672707311276336,2,-1,2
0.65781362679719,-1.33987653610856,-1.33987653610856,-1.04473511456562,0.283769402639431,1,1,1
-1.37744060760477,-2.15474544697985,-2.15474544697985,3.3109855485452,-0.436964692399043,2,-1,2
-1.85833849182554,0.471640962250143,0.471640962250143,0.701204202427392,-1.20001936092886,2,-1,2
-1.10668314670711,1.06840370803329,1.06840370803329,0.866561991165168,-0.106922009856102,2,-1,2
0.576051610287444,2.52643708372672,2.52643708372672,1.49692132789368,0.324301400090805,1,1,1
1.98744341640633,-0.138213888408712,-0.138213888408712,-1.57972193627609,-1.44732823421887,2,-1,2
1.43671580433575,-0.826406003996305,-0.826406003996305,-0.557293952442656,-0.518542520981352,2,-1,2
0.193042370165427,-1.83250520368657,-1.83250520368657,-1.7714100364333,0.478536613942809,1,1,1
-1.89403423201867,-0.82625975905061,-0.82625975905061,4.03187036878958,-1.26672807148754,2,-1,2
1.62762208011567,-2.55573208959546,-2.55573208959546,2.58717278726491,-0.799527865717184,2,-1,2
-1.34473650380001,-3.5490608970173,-3.5490608970173,4.21350015110052,-0.393301869898341,2,-1,2
-2.19331986832966,0.441050959096478,0.441050959096478,0.512628129183412,-1.86600449418807,2,-1,2
-1.58428688685361,0.773071363053535,0.773071363053535,0.416976232635852,-0.737044810791397,2,-1,2
-0.47985140119985,1.56832723003514,1.56832723003514,1.31769765139027,0.37948458486004,1,1,1
1.68800668180318,1.58675565975276,1.58675565975276,-4.62249953436916,-0.913038114951272,2,-1,2
1.79927420992427,-0.566187597608923,-0.566187597608923,-0.532493053050594,-1.09563916450823,2,-1,2
0.963627482695356,-1.18801379659337,-1.18801379659337,-0.9796536187445,0.0400663742134378,1,1,1
-0.887714593082444,-2.60811942993512,-2.60811942993512,0.146727820933846,0.10882626579856,1,1,1
-1.95696649974722,0.294018677304884,0.294018677304884,1.12497659119055,-1.38479658755576,2,-1,2
-1.33074060424963,0.898498596309047,0.898498596309047,0.63811449192855,-0.374592459623926,2,-1,2
-0.849205628734364,-2.30478564284922,-2.30478564284922,-0.0302842069454664,0.141595816023634,1,1,1
-1.86514096413452,0.256134301416546,0.256134301416546,1.23024785546894,-1.21260334438901,2,-1,2
-1.22951708839744,0.956994185433724,0.956994185433724,0.739811420759471,-0.247547168660966,2,-1,2
0.230923062586626,2.21036067948993,2.21036067948993,2.0801780989162,0.463080644799068,1,1,1
1.97400660922904,0.16383173335885,0.16383173335885,-2.44857833419531,-1.42240454967775,2,-1,2
1.54105715393666,-0.752863650838875,-0.752863650838875,-0.505977179326339,-0.671367100397385,2,-1,2
0.421822663592698,-1.61952687115647,-1.61952687115647,-1.40641414008868,0.409309790419216,1,1,1
-1.74406389348417,-1.41534536293524,-1.41534536293524,4.63385783466425,-0.999136725998503,2,-1,2
-1.77685148392463,0.586547704381695,0.586547704381695,0.511550074565281,-1.05461518518213,2,-1,2
-0.917063776236999,1.22780823911264,1.22780823911264,0.966470290787337,0.081007007439715,1,1,1
1.0043097078726,2.59423967198172,2.59423967198172,-1.02671872247122,-0.0100000000002153,2,-1,2
2.17862055525356,0.739788760965348,0.739788760965348,-4.95015593956187,-1.84236793548228,2,-1,2
1.92799393623118,-0.597407060716869,-0.597407060716869,-0.304742997850023,-1.33114174804969,2,-1,2
1.13981876086987,-1.07597763965961,-1.07597763965961,-0.817900445777852,-0.142169731371548,2,-1,2
-0.545933743595825,-2.5397929658968,-2.5397929658968,-1.62011170710202,0.350156422946394,1,1,1
-1.99680501252938,0.115144754333112,0.115144754333112,1.65284111832834,-1.46224976788153,2,-1,2
-1.45813889353275,0.813546460361941,0.813546460361941,0.541948063102307,-0.548815500316315,2,-1,2
-0.24182176410349,1.77107180544274,1.77107180544274,1.6816446799905,0.462879245161901,1,1,1
1.86269200355205,0.945489411867851,0.945489411867851,-4.19769298321472,-1.21561775016216,2,-1,2
1.71257345517153,-0.637298658093315,-0.637298658093315,-0.480733882930525,-0.945835527067463,2,-1,2
0.784499022205828,-1.3299070439203,-1.3299070439203,-0.994241831426474,0.194107601320972,1,1,1
-1.26336324811666,-2.40389543311492,-2.40389543311492,2.69629333603484,-0.288830623577705,2,-1,2
-1.0146118508841,-2.61864989828386,-2.61864989828386,1.09169759249984,-0.0100000000015307,2,-1,2
-1.95351431687302,0.34697009822675,0.34697009822675,0.976370816169578,-1.37812778438282,2,-1,2
-1.30158447118117,0.922435494876092,0.922435494876092,0.661301575506113,-0.336965202213346,2,-1,2
0.105293093941348,2.11242095092193,2.11242095092193,2.08783396337113,0.484458968357633,1,1,1
1.96933580786421,0.305224496117236,0.305224496117236,-2.84785844620121,-1.41392737879238,2,-1,2
1.58823126804051,-0.723657189760073,-0.723657189760073,-0.486478711275366,-0.743962799475522,2,-1,2
0.523972580507048,-1.53669467755876,-1.53669467755876,-1.25865459548337,0.36178874813372,1,1,1
-1.64341012318067,-1.71512090551674,-1.71512090551674,4.56048232744883,-0.831761511475422,2,-1,2
-1.81687811580836,0.551083297521313,0.551083297521313,0.548810050048289,-1.12520627248113,2,-1,2
-0.999232875776927,1.16549684076739,1.16549684076739,0.999487868163917,0.00391281939488249,1,1,1
0.828872100424938,2.62024745697004,2.62024745697004,0.25060243845948,0.148595443530976,1,1,1
-1.13410606970603,-1.04890006783952,-1.04890006783952,1.43429767909764,-0.136644904416441,2,-1,2
-1.35712348213448,0.461512536995895,0.461512536995895,0.968629545421485,-0.409400909497308,2,-1,2
-0.426042782978285,1.42521821745299,1.42521821745299,1.2438554334362,0.403416229952834,1,1,1
1.59140543750906,1.61232475789822,1.61232475789822,-4.06240803378427,-0.757282035673342,2,-1,2
1.75923268464505,-0.554648724411654,-0.554648724411654,-0.597299272256666,-1.02570328033394,2,-1,2
0.909575290216956,-1.24110953089354,-1.24110953089354,-0.966822233008126,0.0899030419464131,1,1,1
-1.02259871852489,-2.58838671115457,-2.58838671115457,1.14090905843733,-0.0180179810551484,2,-1,2
-1.94406566271506,0.350709563381838,0.350709563381838,0.969306553092398,-1.36005398621731,2,-1,2
-1.28749962446685,0.930356079907781,0.930356079907781,0.675646033442213,-0.319087817667988,2,-1,2
0.135357223858602,2.14561785584804,2.14561785584804,2.10382679289348,0.48073939158884,1,1,1
1.97075898429679,0.26322838187974,0.26322838187974,-2.72988093894949,-1.41651264746755,2,-1,2
1.37763707002838,0.825344828131279,0.825344828131279,-2.11870090044562,-0.442373046767295,2,-1,2
1.34543614372951,-0.625759915489139,-0.625759915489139,-0.838446450869679,-0.394500330925631,2,-1,2
0.266796443448122,-1.62172994118176,-1.62172994118176,-1.52528531110529,0.461572981038396,1,1,1
-1.76890187958999,-1.13114504744786,-1.13114504744786,4.1771253628436,-1.04183065433331,2,-1,2
-1.70722626373299,0.617199854192089,0.617199854192089,0.525522143484155,-0.935597795070905,2,-1,2
-0.791446834183151,1.31926151416857,1.31926151416857,0.988644684192045,0.186026095933647,1,1,1
1.23762891531168,2.40630688480783,2.40630688480783,-2.51712324256747,-0.267253446601748,2,-1,2
1.90573108510751,-0.423479124019691,-0.423479124019691,-0.791214081477944,-1.28991642113439,2,-1,2
1.19819847543137,-1.00183014152967,-1.00183014152967,-0.761721533600374,-0.209402183715602,2,-1,2
-0.324195937829753,-2.30664064744571,-2.30664064744571,-2.03013181376142,0.445109583013868,1,1,1
-1.98052510169524,-0.0663793617752277,-0.0663793617752277,2.17451743755149,-1.43063005530129,2,-1,2
2.32327645545796,-0.166710449028304,-0.166710449028304,-1.59014833613965,-2.15835533743131,2,-1,2
1.83641473676828,-0.651773382815407,-0.651773382815407,-0.290135124008445,-1.16162387495581,2,-1,2
0.968091957567808,-1.198196041678,-1.198196041678,-0.982542025027054,0.0358623157170859,1,1,1
-0.903771843599747,-2.61903050649671,-2.61903050649671,0.258406942395777,0.0946689582386009,1,1,1
-1.96128348093123,0.303626835141719,0.303626835141719,1.09696934494876,-1.39308884924133,2,-1,2
-1.33220023175109,0.898715409635337,0.898715409635337,0.635913765986022,-0.376498072547155,2,-1,2
0.0331041010744414,2.04374794539502,2.04374794539502,2.04147196164256,0.489737324081775,1,1,1
1.95581741207498,0.411371011159948,0.411371011159948,-3.11803173986673,-1.38828125253065,2,-1,2
1.61338936610627,-0.706327123801669,-0.706327123801669,-0.481129154248062,-0.783579626432572,2,-1,2
0.578569747194545,-1.47790008123233,-1.47790008123233,-1.17685559006174,0.332144953599774,1,1,1
-1.56837331863778,-1.89077067872659,-1.89077067872659,4.32851064938878,-0.713391896954368,2,-1,2
-2.28243452437019,1.27946872333797,1.27946872333797,-3.10349848089917,-2.06068237645152,2,-1,2
-1.39546436556658,0.933110068065057,0.933110068065057,0.511509793536418,-0.461098798923497,2,-1,2
-0.0347892972753813,2.00861375173824,2.00861375173824,2.00622484146566,0.489974322839537,1,1,1
1.95570464785949,0.499598427587858,0.499598427587858,-3.36696062870182,-1.38842040614842,2,-1,2
1.64395080754783,-0.690117277553348,-0.690117277553348,-0.468974896034864,-0.832525185041634,2,-1,2
0.636465565019359,-1.44205251060668,-1.44205251060668,-1.11571857130715,0.297566571693148,1,1,1
-1.49802289518196,-2.04574299719303,-2.04574299719303,4.04307569335833,-0.607405045091428,2,-1,2
-1.85697882511628,0.505228345480695,0.505228345480695,0.619992720560434,-1.19751678803236,2,-1,2
-1.08471403821033,1.09246250946019,1.09246250946019,0.891780194135599,-0.0833376471194003,2,-1,2
0.601323716428227,2.52162600404615,2.52162600404615,1.39239795274481,0.309597523484017,1,1,1
1.98034162431703,-0.149116216023394,-0.149116216023394,-1.54466088040657,-1.4334412032122,2,-1,2
1.56471029170138,0.367663185416977,0.367663185416977,-2.097203610258,-0.711415365062415,2,-1,2
1.23459238893462,-0.807584548926327,-0.807584548926327,-0.811241735631196,-0.253478194418037,2,-1,2
-0.0660423743918256,-1.97325971757353,-1.97325971757353,-1.96436510732664,0.494566278633078,1,1,1
-1.91847829807905,-0.424000052904888,-0.424000052904888,3.05503544749865,-1.31217306853808,2,-1,2
-1.58263602627867,0.714350261009235,0.714350261009235,0.507726906395329,-0.734502743152346,2,-1,2
-0.523817546679696,1.5188570299473,1.5188570299473,1.24583329823945,0.357990853904636,1,1,1
1.62961930674594,1.72725125431671,1.72725125431671,-4.48935853789336,-0.818255294907668,2,-1,2
1.81286658359546,-0.548593729959535,-0.548593729959535,-0.558515111845991,-1.11982005398843,2,-1,2
0.994833607556699,-1.16290540115708,-1.16290540115708,-0.996565771138563,0.0100000000001363,1,1,1
-0.817442453769903,-2.60731147792302,-2.60731147792302,-0.318849237862431,0.167826601664317,1,1,1
-1.96580315019496,0.262868419470667,0.262868419470667,1.21284757443984,-1.4018332841121,2,-1,2
1.62580307972737,-0.0372264218136555,-0.0372264218136555,-1.56463129613043,-0.805750242259127,2,-1,2
1.0645538843662,-0.987905875395326,-0.987905875395326,-0.932890755773781,-0.0609838809211901,2,-1,2
-0.514366332156031,-2.39481888674887,-2.39481888674887,-1.62512782976444,0.366523198302194,1,1,1
-1.96254434297706,0.0752132857643406,0.0752132857643406,1.74806761913225,-1.39571045998805,2,-1,2
-1.43352138791806,0.821389402785174,0.821389402785174,0.566969063720926,-0.513906982844504,2,-1,2
-0.194038482634027,1.82719340928574,1.82719340928574,1.76570360298361,0.472878576049635,1,1,1
1.89153495531054,0.827570763215921,0.827570763215921,-4.02493333924867,-1.26838601811792,2,-1,2
1.69756152220751,-0.650022651284516,-0.650022651284516,-0.474404069851245,-0.920647373989828,2,-1,2
0.749357702492143,-1.36780823380723,-1.36780823380723,-1.02052539865564,0.220647870100144,1,1,1
-1.33228467175093,-2.33031902820715,-2.33031902820715,3.1382410135486,-0.376812968599405,2,-1,2
-1.89513641895064,0.455239230455344,0.455239230455344,0.715364812039791,-1.2677989055035,2,-1,2
0.136396976291964,-0.434753889848702,-0.434753889848702,-0.429203217508465,0.485156048703555,1,1,1
-0.593848434532592,-1.06594709791579,-1.06594709791579,-0.480610305710444,0.321970729941774,1,1,1
-1.35681907523611,-0.0930342118876535,-0.0930342118876535,1.43505694026882,-0.409047790235129,2,-1,2
-0.878758024737143,0.980028790998013,0.980028790998013,0.901825918779501,0.114815333159819,1,1,1
0.694726383116719,2.32786139750544,2.32786139750544,0.869025281637453,0.250246686249074,1,1,1
1.89647283250895,-0.174465333731298,-0.174465333731298,-1.44345454108578,-1.27361258665189,2,-1,2
1.30914465985673,-0.89609867027172,-0.89609867027172,-0.669455895695637,-0.346313424595788,2,-1,2
-0.0560054674464876,-2.05161006415941,-2.05161006415941,-2.04499929118247,0.495302429782379,1,1,1
-1.95736924759115,-0.379590818939831,-0.379590818939831,3.03210259669651,-1.38613758776686,2,-1,2
-1.60401719760315,0.711773239929849,0.711773239929849,0.484489588792894,-0.767921622295005,2,-1,2
-0.55821902804657,1.49705041574774,1.49705041574774,1.20450259097685,0.339830128356093,1,1,1
-2.84748523953543,-2.35265143804017,-2.35265143804017,19.570536762699,-3.48971992855948,2,-1,2
-2.81657991337168,0.395714877728706,0.395714877728706,0.0730402272500252,-3.39844280716599,2,-1,2
-2.38016216231463,0.484514729477842,0.484514729477842,0.11981765205426,-2.28527571504754,2,-1,2
-1.8173643840602,0.667209242976427,0.667209242976427,0.280906062481733,-1.12599570926282,2,-1,2
-0.927928630971612,1.22392061667045,1.22392061667045,0.969056260320494,0.0711924242525389,1,1,1
0.972024942328573,2.60160888599565,2.60160888599565,-0.774876457039389,0.0214467679989776,1,1,1
1.9500152377383,-0.332882869890009,-0.332882869890009,-1.01709121250424,-1.37414719220604,2,-1,2
1.30373269743899,-0.918567938870814,-0.918567938870814,-0.660993307081622,-0.339297972387647,2,-1,2
-0.116157771020833,-2.14477030832941,-2.14477030832941,-2.11426444734332,0.490256769452132,1,1,1
-1.97911013483244,-0.284357945428711,-0.284357945428711,2.80854726452033,-1.42806957543595,2,-1,2
-1.59089864341071,0.72432334617227,0.72432334617227,0.481989664471125,-0.747359782326028,2,-1,2
